iter	Accuracy	Logloss
0	0.9909626971	0.5847162829
1	0.9909626971	0.4706965665
2	0.9909626971	0.3805868301
3	0.9909626971	0.306377215
4	0.9909626971	0.2536106831
