iter	Logloss
0	0.4880844303
1	0.3189793014
2	0.2200804353
3	0.1594461432
4	0.1182906375
5	0.09411310152
6	0.07599710886
7	0.06391919133
8	0.05612593061
9	0.05125678786
