iter	Accuracy	MultiClass
0	0.7711111111	1.054134332
